{"cameraMode":{"drawMode":0,"name":"Shaded","section":"Shading Mode"},"sceneLighting":false,"audioPlay":false,"sceneViewState":{"m_AlwaysRefresh":false,"showFog":true,"showSkybox":false,"showFlares":true,"showImageEffects":true,"showParticleSystems":true,"showVisualEffectGraphs":true,"m_FxEnabled":true},"in2DMode":false,"pivot":{"x":-4.642665386199951,"y":2.931624412536621,"z":-22.513792037963868},"rotation":{"x":-0.7030289173126221,"y":-0.008757619187235833,"z":0.008629491552710534,"w":-0.7110857963562012},"size":2.3117270469665529,"orthographic":false}